transaction_id,amount,distance_from_home,time_diff_hours,is_online_order,is_fraud
TXN_10001,17.94,10.36,12.89,0,0
TXN_10002,45.37,3.87,21.49,1,0
TXN_10003,66.92,3.94,9.47,0,0
TXN_10004,13.56,1.75,5.69,0,0
TXN_10005,106.9,43.76,6.92,1,1
TXN_10006,63.59,0.95,37.77,1,0
TXN_10007,94.25,0.88,13.64,1,0
TXN_10008,48.86,27.6,21.79,1,0
TXN_10009,117.93,3.77,1.92,0,1
TXN_10010,32.6,3.08,55.77,0,0
TXN_10011,154.46,28.19,0.19,0,1
TXN_10012,39.66,1.76,14.0,0,0
TXN_10013,72.34,4.89,18.89,0,0
TXN_10014,31.35,32.82,50.78,0,0
TXN_10015,42.43,1.07,13.07,0,0
TXN_10016,18.6,3.27,34.51,1,0
TXN_10017,63.24,4.14,2.45,0,0
TXN_10018,57.76,1.28,15.48,0,0
TXN_10019,96.41,7.31,5.93,1,0
TXN_10020,69.17,2.77,16.09,1,0
TXN_10021,38.88,12.94,26.45,1,0
TXN_10022,46.2,6.88,44.34,0,0
TXN_10023,37.49,2.51,12.57,1,0
TXN_10024,155.28,32.54,14.01,1,1
TXN_10025,70.24,22.74,4.38,0,0
TXN_10026,260.84,57.7,0.11,1,1
TXN_10027,20.67,18.04,24.3,0,0
TXN_10028,34.27,2.57,44.0,1,0
TXN_10029,19.48,0.5,8.02,0,0
TXN_10030,18.47,6.72,6.86,0,0
TXN_10031,29.05,4.59,17.18,0,0
TXN_10032,40.15,10.04,2.72,0,0
TXN_10033,15.66,3.35,0.28,0,0
TXN_10034,49.34,10.27,0.96,0,0
TXN_10035,18.08,2.8,24.1,0,0
TXN_10036,45.07,8.94,6.26,0,0
TXN_10037,30.22,10.49,3.06,1,0
TXN_10038,104.2,54.42,6.72,0,1
TXN_10039,127.88,75.77,2.14,1,1
TXN_10040,71.28,68.12,2.17,1,1
TXN_10041,31.24,4.52,18.67,0,0
TXN_10042,63.56,0.5,67.02,1,0
TXN_10043,133.15,27.45,17.46,1,1
TXN_10044,85.53,26.89,0.65,1,1
TXN_10045,68.91,8.4,22.57,1,0
TXN_10046,27.22,1.92,12.53,0,0
TXN_10047,42.99,2.77,14.65,1,0
TXN_10048,31.31,2.9,55.4,0,0
TXN_10049,60.71,11.32,29.83,0,0
TXN_10050,36.52,22.75,0.69,0,0
TXN_10051,53.15,5.4,28.51,0,0
TXN_10052,34.31,10.89,7.02,0,0
TXN_10053,48.53,7.54,6.08,1,0
TXN_10054,35.72,2.74,8.75,1,0
TXN_10055,44.45,0.5,29.9,0,0
TXN_10056,49.73,14.34,21.43,0,0
TXN_10057,48.08,6.99,61.22,0,0
TXN_10058,27.49,0.98,19.43,0,0
TXN_10059,90.57,23.89,6.28,0,0
TXN_10060,24.55,0.53,59.65,0,0
TXN_10061,53.64,18.92,5.18,1,0
TXN_10062,34.12,8.1,14.08,0,0
TXN_10063,31.08,0.98,0.56,1,0
TXN_10064,267.66,48.15,2.53,1,1
TXN_10065,112.03,10.01,72.0,1,0
TXN_10066,21.48,11.15,49.52,0,0
TXN_10067,29.98,42.44,3.34,0,0
TXN_10068,30.42,2.54,59.17,0,0
TXN_10069,28.37,15.14,1.61,1,0
TXN_10070,30.69,2.71,21.43,0,0
TXN_10071,61.69,12.14,0.44,1,0
TXN_10072,29.69,0.5,47.44,1,0
TXN_10073,71.31,2.98,15.54,1,0
TXN_10074,124.96,81.42,6.65,1,1
TXN_10075,37.95,7.18,36.32,0,0
TXN_10076,97.19,59.27,10.8,1,1
TXN_10077,27.87,25.86,8.48,1,0
TXN_10078,35.56,3.9,23.07,0,0
TXN_10079,22.61,7.67,13.15,0,0
TXN_10080,49.35,21.81,17.55,1,0
TXN_10081,91.18,10.55,0.46,1,0
TXN_10082,95.64,22.88,18.26,1,0
TXN_10083,133.18,31.21,3.61,1,1
TXN_10084,67.51,10.79,0.66,1,0
TXN_10085,54.51,35.68,3.51,0,0
TXN_10086,93.47,4.12,12.21,0,0
TXN_10087,29.07,2.71,15.19,1,0
TXN_10088,169.64,44.71,7.29,1,1
TXN_10089,35.84,7.96,10.4,0,0
TXN_10090,47.6,36.12,14.55,0,0
TXN_10091,35.55,9.97,5.12,0,0
TXN_10092,40.56,22.26,9.79,0,0
TXN_10093,48.46,13.72,3.43,0,0
TXN_10094,149.85,46.03,0.71,1,1
TXN_10095,32.73,1.2,7.42,1,0
TXN_10096,22.01,23.07,31.13,0,0
TXN_10097,69.99,50.96,3.8,1,1
TXN_10098,42.67,10.72,14.34,1,0
TXN_10099,197.54,45.3,1.89,1,1
TXN_10100,34.45,13.03,1.84,0,0
TXN_10101,49.23,11.77,1.47,1,0
TXN_10102,149.94,42.23,9.67,1,1
TXN_10103,15.34,1.48,28.6,0,0
TXN_10104,108.64,28.09,11.97,1,1
TXN_10105,46.69,4.99,17.03,1,0
TXN_10106,20.95,10.03,8.04,1,0
TXN_10107,13.77,2.06,21.82,1,0
TXN_10108,92.76,34.78,4.62,1,1
TXN_10109,48.34,4.17,39.73,0,0
TXN_10110,9.57,9.32,23.31,0,0
TXN_10111,85.28,4.3,13.3,1,0
TXN_10112,14.12,3.58,8.32,0,0
TXN_10113,25.93,12.45,32.54,1,0
TXN_10114,161.71,49.23,1.48,1,1
TXN_10115,42.54,0.5,28.54,1,0
TXN_10116,41.98,1.57,34.29,1,0
TXN_10117,31.4,11.74,28.82,1,0
TXN_10118,121.99,80.76,8.04,1,1
TXN_10119,23.17,9.4,10.06,1,0
TXN_10120,25.49,16.99,11.28,0,0
TXN_10121,92.55,28.34,7.38,1,1
TXN_10122,33.78,4.58,5.91,0,0
TXN_10123,35.56,28.63,3.91,0,0
TXN_10124,149.07,42.44,5.17,1,1
TXN_10125,56.62,20.98,1.78,1,0
